{
  "beta": {
    "intercept": 0.0,
    "beta_J": 1.0125335966330986,
    "beta_P": -0.359340568117884,
    "beta_U": -0.12154796841850289,
    "beta_age": -0.03464700343342833,
    "beta_actor": -0.043556039060441205
  },
  "tau": 0.3137569213527341,
  "optimizer": {
    "success": false,
    "nfev": 872,
    "final_objective": 598.8787239408674
  }
}