{
  "alpha": 0.028934001041258265,
  "n_obs": 33,
  "neg_loglik": 22.8233036225346
}