covariate,judges_coef,judges_pvalue,judges_sig,fans_coef,fans_pvalue,fans_sig,same_sign
week,-0.041830350120178,1.2147259506286822e-11,***,-0.04640795912951618,2.224722268910549e-15,***,True
age,-0.03333823616559245,3.377069767821537e-91,***,-0.04841468850504041,2.8280576748027477e-172,***,True
industry_dummy,0.18272123334897267,3.04925523561769e-06,***,0.009742154593907457,0.7915414010374846,,True
region_us,-0.13383344771603076,0.012931007719291827,**,-0.08145102344185388,0.10742452919243214,,True
