r2,mae,rmse,fold
0.4452399341168868,0.059514794558557835,0.07705759357252782,1
0.49716137641009295,0.057599248076478274,0.07122687756414345,2
0.5508515048429536,0.053435201056147935,0.06574433710736553,3
0.5114111015312309,0.052580294271470006,0.06569838330127618,4
0.47000569530988623,0.05569778748568897,0.06897295850668382,5
