career,occ_title,net_risk,substitution,defense,emp_2024,g_baseline,g_No_GenAI_Baseline,emp_2034_No_GenAI_Baseline,chg_No_GenAI_Baseline,g_Moderate_Substitution,emp_2034_Moderate_Substitution,chg_Moderate_Substitution,g_High_Disruption,emp_2034_High_Disruption,chg_High_Disruption,g_Ramp_Moderate,emp_2034_Ramp_Moderate,chg_Ramp_Moderate,g_Ramp_High,emp_2034_Ramp_High,chg_Ramp_High
software_engineer,Software Developers,0.8883046231341063,0.7309431524547803,0.35142118863049093,1693800.0,0.0147765067427687,0.0147765067427687,1961399.9999999988,267599.99999999884,-0.0018724987427530832,1662349.53618964,-31450.46381036006,-0.018521504228274865,1404979.5884667938,-288820.41153320624,0.008780450536613483,1848406.3261498855,154606.32614988554,0.002784394330458266,1741050.1018807043,47250.101880704286
electrician,Electricians,-0.8885727887083509,0.28682170542635654,0.7474160206718347,818700.0,0.0090743543142097,0.0090743543142097,896100.0,77400.0,0.012405160627317745,926122.1962507926,107422.1962507926,0.01573596694042579,957046.6339970242,138346.63399702415,0.010273927578965973,906807.2733555668,88107.27335556678,0.011473500843722246,917624.3021001165,98924.3021001165
writer,Writers and Authors,0.6145876771021319,0.6656976744186046,0.49526270456503013,135400.0,0.0035612890372451,0.0035612890372451,140300.00000000006,4900.000000000058,-0.007957590118540551,125003.17704427286,-10396.82295572714,-0.019476469274326204,111224.0917906727,-24175.908209327303,-0.0005871777831942907,134602.33431997465,-797.665680025355,-0.00473564460363368,129104.59096334846,-6295.409036651545
