career,occ_title,net_risk,substitution,defense,emp_2024,g_baseline,g_No_GenAI_Baseline,emp_2034_No_GenAI_Baseline,chg_No_GenAI_Baseline,g_Moderate_Substitution,emp_2034_Moderate_Substitution,chg_Moderate_Substitution,g_High_Disruption,emp_2034_High_Disruption,chg_High_Disruption,g_Ramp_Moderate,emp_2034_Ramp_Moderate,chg_Ramp_Moderate,g_Ramp_High,emp_2034_Ramp_High,chg_Ramp_High
software_engineer,Software Developers,0.3795219638242893,0.7309431524547803,0.35142118863049093,1693800.0,0.0147765067427687,0.0147765067427687,1961399.9999999988,267599.99999999884,0.009083677285404362,1854103.3573795573,160303.35737955733,0.003390847828040021,1752118.5297091915,58318.52970919153,0.012214733486954748,1912418.810349152,218618.81034915196,0.009652960231140794,1864492.2232569521,170692.22325695213
electrician,Electricians,-0.4605943152454781,0.28682170542635654,0.7474160206718347,818700.0,0.0090743543142097,0.0090743543142097,896100.0,77400.0,0.010456137259946135,908446.6981165918,89746.69811659178,0.011837920205682568,920946.290244361,102246.29024436104,0.009696156639791096,901636.5037693437,82936.50376934372,0.010317958965372489,907202.375701667,88502.37570166704
writer,Writers and Authors,0.17043496985357448,0.6656976744186046,0.49526270456503013,135400.0,0.0035612890372451,0.0035612890372451,140300.00000000006,4900.000000000058,0.0010047644894414826,136766.61882744875,1366.6188274487504,-0.0015517600583621347,133313.52802955324,-2086.471970446757,0.002410852990733472,138699.5652530426,3299.565253042587,0.0012604169442218445,137114.84184810283,1714.8418481028348
