career,occ_title,net_risk,net_risk_min,net_risk_max,substitution,defense,m_comp,m_comp_raw,emp_2024,g_baseline,g_No_GenAI_Baseline,emp_2034_No_GenAI_Baseline,chg_No_GenAI_Baseline,g_Moderate_Substitution,emp_2034_Moderate_Substitution,chg_Moderate_Substitution,g_High_Disruption,emp_2034_High_Disruption,chg_High_Disruption,g_Ramp_Moderate,emp_2034_Ramp_Moderate,chg_Ramp_Moderate,g_Ramp_High,emp_2034_Ramp_High,chg_Ramp_High
software_engineer,software_engineer Bundle (2 SOCs),0.879587081544674,0.7577572800250334,0.8883046231341063,0.7287215708885898,0.35356368476875877,0.2,0.9379802250838191,1815000.0,0.013492235072079195,0.013492235072078973,2075299.999999999,260299.99999999907,-0.003016925754963151,1760980.2411775552,-54019.75882244483,-0.019523826137676892,1490208.631703231,-324791.368296769,0.007539137985093314,1956572.220137632,141572.220137632,0.0015718458342561803,1843731.6444293559,28731.64442935586
electrician,electrician Bundle (2 SOCs),-0.8883107222665543,-0.8885727887083509,-0.8850891937996034,0.2821320587686738,0.7401264144681828,0.005747099262107937,0.005747099262107937,885300.0,0.008427224341511996,0.008427224341511996,962800.0000000001,77500.00000000012,0.00852250998680737,963710.1305020574,78410.13050205738,0.008617798596092907,964621.063585955,79321.06358595495,0.008461540402908918,963127.6841696962,77827.68416969618,0.00849585635555905,963455.467670181,78155.46767018095
writer,writer Bundle (3 SOCs),0.60974730678522,0.590961083709815,0.6145876771021319,0.739011577504259,0.48110962143078756,0.2,0.36832071585299886,307600.0,0.001965617053956148,0.001965617053956148,313700.0,6100.0,-0.009463221462800542,279699.94823838223,-27900.051761617768,-0.02089181987548039,249053.77037846594,-58546.22962153406,-0.002153908457123599,301038.42761319695,-6561.572386803047,-0.006280379396936375,288818.4812443108,-18781.518755689205
